{
    "iterations": 790,
    "depth": 9,
    "learning_rate": 0.085833841485295,
    "l2_leaf_reg": 5.961726307862454
}
