{"max_depth": 9, "learning_rate": 0.06466501121829271, "n_estimators": 490, "reg_lambda": 4.604110972672395}