{"max_depth": 4, "learning_rate": 0.1727934786615441, "n_estimators": 988, "reg_lambda": 1.3969873246832702}