{
    "iterations": 948,
    "depth": 10,
    "learning_rate": 0.07811687957181629,
    "l2_leaf_reg": 7.653817401737916
}