{"num_leaves": 102, "max_depth": 11, "learning_rate": 0.06270594195024796, "n_estimators": 301, "reg_lambda": 6.133258040459827}