{"num_leaves": 150, "max_depth": 11, "learning_rate": 0.015983993714977284, "n_estimators": 695, "reg_lambda": 0.7038808090512712}